Workbook

Sheet Scores
A1: Feature | B1: Business owner | C1: Business value | D1: Time criticality | E1: Risk reduction
A2: F1 | B2: Passenger Experience | C2: 13 | D2: 8 | E2: 8
A3: F1 | B3: Operations | C3: 13 | D3: 13 | E3: 8
A4: F1 | B4: Platform | C4: 8 | D4: 5 | E4: 13
A5: F2 | B5: Passenger Experience | C5: 5 | D5: 5 | E5: 13
A6: F2 | B6: Operations | C6: 13 | D6: 20 | E6: 13
A7: F2 | B7: Platform | C7: 8 | D7: 8 | E7: 13
A8: F3 | B8: Passenger Experience | C8: 20 | D8: 13 | E8: 2
A9: F3 | B9: Operations | C9: 8 | D9: 5 | E9: 3
A10: F3 | B10: Platform | C10: 3 | D10: 2 | E10: 1
A11: F4 | B11: Passenger Experience | C11: 8 | D11: 3 | E11: 2
A12: F4 | B12: Operations | C12: 5 | D12: 2 | E12: 2
A13: F4 | B13: Platform | C13: 2 | D13: 1 | E13: 1
... A31: F10 | B31: Platform | C31: 8 | D31: 8 | E31: 13

Sheet WSJF
A1: ID | B1: Feature | C1: Job size | D1: BV average | E1: TC average | F1: RR average | G1: BV median | H1: TC median | I1: RR median | J1: BV spread | K1: TC spread | L1: RR spread | M1: WSJF (averages) | N1: Rank | O1: WSJF (medians) | P1: Rank | Q1: TC if F6 deadline is a fact | R1: WSJF (deadline as fact) | S1: Rank
A2: F1 | B2: Delay feed v2 at all major stations | C2: 13 | D2: =AVERAGEIFS(Scores!$C$2:$C$31,Scores!$A$2:$A$31,$A2) -> 11.333333 | E2: =AVERAGEIFS(Scores!$D$2:$D$31,Scores!$A$2:$A$31,$A2) -> 8.6666667 | F2: =AVERAGEIFS(Scores!$E$2:$E$31,Scores!$A$2:$A$31,$A2) -> 9.6666667 | G2: =_xlfn.AGGREGATE(17,6,Scores!$C$2:$C$31/(Scores!$A$2:$A$31=$A2),2) -> 13 | H2: =_xlfn.AGGREGATE(17,6,Scores!$D$2:$D$31/(Scores!$A$2:$A$31=$A2),2) -> 8 | I2: =_xlfn.AGGREGATE(17,6,Scores!$E$2:$E$31/(Scores!$A$2:$A$31=$A2),2) -> 8 | J2: =_xlfn.AGGREGATE(14,6,Scores!$C$2:$C$31/(Scores!$A$2:$A$31=$A2),1)-_xlfn.AGGREGATE(15,6,Scores!$C$2:$C$31/(Scores!$A$2:$A$31=$A2),1) -> 5 | K2: =_xlfn.AGGREGATE(14,6,Scores!$D$2:$D$31/(Scores!$A$2:$A$31=$A2),1)-_xlfn.AGGREGATE(15,6,Scores!$D$2:$D$31/(Scores!$A$2:$A$31=$A2),1) -> 8 | L2: =_xlfn.AGGREGATE(14,6,Scores!$E$2:$E$31/(Scores!$A$2:$A$31=$A2),1)-_xlfn.AGGREGATE(15,6,Scores!$E$2:$E$31/(Scores!$A$2:$A$31=$A2),1) -> 5 | M2: =(D2+E2+F2)/C2 -> 2.2820513 | N2: =_xlfn.RANK.EQ(M2,$M$2:$M$11) -> 7 | O2: =(G2+H2+I2)/C2 -> 2.2307692 | P2: =_xlfn.RANK.EQ(O2,$O$2:$O$11) -> 3 | Q2: =IF(A2="F6",20,E2) -> 8.6666667 | R2: =(D2+Q2+F2)/C2 -> 2.2820513 | S2: =_xlfn.RANK.EQ(R2,$R$2:$R$11) -> 7
A3: F2 | B3: Outage alerting for real-time data | C3: 5 | D3: =AVERAGEIFS(Scores!$C$2:$C$31,Scores!$A$2:$A$31,$A3) -> 8.6666667 | E3: =AVERAGEIFS(Scores!$D$2:$D$31,Scores!$A$2:$A$31,$A3) -> 11 | F3: =AVERAGEIFS(Scores!$E$2:$E$31,Scores!$A$2:$A$31,$A3) -> 13 | G3: =_xlfn.AGGREGATE(17,6,Scores!$C$2:$C$31/(Scores!$A$2:$A$31=$A3),2) -> 8 | H3: =_xlfn.AGGREGATE(17,6,Scores!$D$2:$D$31/(Scores!$A$2:$A$31=$A3),2) -> 8 | I3: =_xlfn.AGGREGATE(17,6,Scores!$E$2:$E$31/(Scores!$A$2:$A$31=$A3),2) -> 13 | J3: =_xlfn.AGGREGATE(14,6,Scores!$C$2:$C$31/(Scores!$A$2:$A$31=$A3),1)-_xlfn.AGGREGATE(15,6,Scores!$C$2:$C$31/(Scores!$A$2:$A$31=$A3),1) -> 8 | K3: =_xlfn.AGGREGATE(14,6,Scores!$D$2:$D$31/(Scores!$A$2:$A$31=$A3),1)-_xlfn.AGGREGATE(15,6,Scores!$D$2:$D$31/(Scores!$A$2:$A$31=$A3),1) -> 15 | L3: =_xlfn.AGGREGATE(14,6,Scores!$E$2:$E$31/(Scores!$A$2:$A$31=$A3),1)-_xlfn.AGGREGATE(15,6,Scores!$E$2:$E$31/(Scores!$A$2:$A$31=$A3),1) -> 0 | M3: =(D3+E3+F3)/C3 -> 6.5333333 | N3: =_xlfn.RANK.EQ(M3,$M$2:$M$11) -> 1 | O3: =(G3+H3+I3)/C3 -> 5.8 | P3: =_xlfn.RANK.EQ(O3,$O$2:$O$11) -> 1 | Q3: =IF(A3="F6",20,E3) -> 11 | R3: =(D3+Q3+F3)/C3 -> 6.5333333 | S3: =_xlfn.RANK.EQ(R3,$R$2:$R$11) -> 1
A4: F3 | B4: Push notifications for all users | C4: 8 | D4: =AVERAGEIFS(Scores!$C$2:$C$31,Scores!$A$2:$A$31,$A4) -> 10.333333 | E4: =AVERAGEIFS(Scores!$D$2:$D$31,Scores!$A$2:$A$31,$A4) -> 6.6666667 | F4: =AVERAGEIFS(Scores!$E$2:$E$31,Scores!$A$2:$A$31,$A4) -> 2 | G4: =_xlfn.AGGREGATE(17,6,Scores!$C$2:$C$31/(Scores!$A$2:$A$31=$A4),2) -> 8 | H4: =_xlfn.AGGREGATE(17,6,Scores!$D$2:$D$31/(Scores!$A$2:$A$31=$A4),2) -> 5 | I4: =_xlfn.AGGREGATE(17,6,Scores!$E$2:$E$31/(Scores!$A$2:$A$31=$A4),2) -> 2 | J4: =_xlfn.AGGREGATE(14,6,Scores!$C$2:$C$31/(Scores!$A$2:$A$31=$A4),1)-_xlfn.AGGREGATE(15,6,Scores!$C$2:$C$31/(Scores!$A$2:$A$31=$A4),1) -> 17 | K4: =_xlfn.AGGREGATE(14,6,Scores!$D$2:$D$31/(Scores!$A$2:$A$31=$A4),1)-_xlfn.AGGREGATE(15,6,Scores!$D$2:$D$31/(Scores!$A$2:$A$31=$A4),1) -> 11 | L4: =_xlfn.AGGREGATE(14,6,Scores!$E$2:$E$31/(Scores!$A$2:$A$31=$A4),1)-_xlfn.AGGREGATE(15,6,Scores!$E$2:$E$31/(Scores!$A$2:$A$31=$A4),1) -> 2 | M4: =(D4+E4+F4)/C4 -> 2.375 | N4: =_xlfn.RANK.EQ(M4,$M$2:$M$11) -> 6 | O4: =(G4+H4+I4)/C4 -> 1.875 | P4: =_xlfn.RANK.EQ(O4,$O$2:$O$11) -> 6 | Q4: =IF(A4="F6",20,E4) -> 6.6666667 | R4: =(D4+Q4+F4)/C4 -> 2.375 | S4: =_xlfn.RANK.EQ(R4,$R$2:$R$11) -> 6
A5: F4 | B5: Alternative routes at night | C5: 8 | D5: =AVERAGEIFS(Scores!$C$2:$C$31,Scores!$A$2:$A$31,$A5) -> 5 | E5: =AVERAGEIFS(Scores!$D$2:$D$31,Scores!$A$2:$A$31,$A5) -> 2 | F5: =AVERAGEIFS(Scores!$E$2:$E$31,Scores!$A$2:$A$31,$A5) -> 1.6666667 | G5: =_xlfn.AGGREGATE(17,6,Scores!$C$2:$C$31/(Scores!$A$2:$A$31=$A5),2) -> 5 | H5: =_xlfn.AGGREGATE(17,6,Scores!$D$2:$D$31/(Scores!$A$2:$A$31=$A5),2) -> 2 | I5: =_xlfn.AGGREGATE(17,6,Scores!$E$2:$E$31/(Scores!$A$2:$A$31=$A5),2) -> 2 | J5: =_xlfn.AGGREGATE(14,6,Scores!$C$2:$C$31/(Scores!$A$2:$A$31=$A5),1)-_xlfn.AGGREGATE(15,6,Scores!$C$2:$C$31/(Scores!$A$2:$A$31=$A5),1) -> 6 | K5: =_xlfn.AGGREGATE(14,6,Scores!$D$2:$D$31/(Scores!$A$2:$A$31=$A5),1)-_xlfn.AGGREGATE(15,6,Scores!$D$2:$D$31/(Scores!$A$2:$A$31=$A5),1) -> 2 | L5: =_xlfn.AGGREGATE(14,6,Scores!$E$2:$E$31/(Scores!$A$2:$A$31=$A5),1)-_xlfn.AGGREGATE(15,6,Scores!$E$2:$E$31/(Scores!$A$2:$A$31=$A5),1) -> 1 | M5: =(D5+E5+F5)/C5 -> 1.0833333 | N5: =_xlfn.RANK.EQ(M5,$M$2:$M$11) -> 10 | O5: =(G5+H5+I5)/C5 -> 1.125 | P5: =_xlfn.RANK.EQ(O5,$O$2:$O$11) -> 10 | Q5: =IF(A5="F6",20,E5) -> 2 | R5: =(D5+Q5+F5)/C5 -> 1.0833333 | S5: =_xlfn.RANK.EQ(R5,$R$2:$R$11) -> 10
A6: F5 | B6: Walking times for the 50 largest stations | C6: 13 | D6: =AVERAGEIFS(Scores!$C$2:$C$31,Scores!$A$2:$A$31,$A6) -> 8 | E6: =AVERAGEIFS(Scores!$D$2:$D$31,Scores!$A$2:$A$31,$A6) -> 4 | F6: =AVERAGEIFS(Scores!$E$2:$E$31,Scores!$A$2:$A$31,$A6) -> 2.3333333 | G6: =_xlfn.AGGREGATE(17,6,Scores!$C$2:$C$31/(Scores!$A$2:$A$31=$A6),2) -> 8 | H6: =_xlfn.AGGREGATE(17,6,Scores!$D$2:$D$31/(Scores!$A$2:$A$31=$A6),2) -> 5 | I6: =_xlfn.AGGREGATE(17,6,Scores!$E$2:$E$31/(Scores!$A$2:$A$31=$A6),2) -> 2 | J6: =_xlfn.AGGREGATE(14,6,Scores!$C$2:$C$31/(Scores!$A$2:$A$31=$A6),1)-_xlfn.AGGREGATE(15,6,Scores!$C$2:$C$31/(Scores!$A$2:$A$31=$A6),1) -> 10 | K6: =_xlfn.AGGREGATE(14,6,Scores!$D$2:$D$31/(Scores!$A$2:$A$31=$A6),1)-_xlfn.AGGREGATE(15,6,Scores!$D$2:$D$31/(Scores!$A$2:$A$31=$A6),1) -> 3 | L6: =_xlfn.AGGREGATE(14,6,Scores!$E$2:$E$31/(Scores!$A$2:$A$31=$A6),1)-_xlfn.AGGREGATE(15,6,Scores!$E$2:$E$31/(Scores!$A$2:$A$31=$A6),1) -> 1 | M6: =(D6+E6+F6)/C6 -> 1.1025641 | N6: =_xlfn.RANK.EQ(M6,$M$2:$M$11) -> 9 | O6: =(G6+H6+I6)/C6 -> 1.1538462 | P6: =_xlfn.RANK.EQ(O6,$O$2:$O$11) -> 9 | Q6: =IF(A6="F6",20,E6) -> 4 | R6: =(D6+Q6+F6)/C6 -> 1.1025641 | S6: =_xlfn.RANK.EQ(R6,$R$2:$R$11) -> 9
A7: F6 | B7: Screen-reader support across the app | C7: 8 | D7: =AVERAGEIFS(Scores!$C$2:$C$31,Scores!$A$2:$A$31,$A7) -> 5.3333333 | E7: =AVERAGEIFS(Scores!$D$2:$D$31,Scores!$A$2:$A$31,$A7) -> 12 | F7: =AVERAGEIFS(Scores!$E$2:$E$31,Scores!$A$2:$A$31,$A7) -> 3.3333333 | G7: =_xlfn.AGGREGATE(17,6,Scores!$C$2:$C$31/(Scores!$A$2:$A$31=$A7),2) -> 5 | H7: =_xlfn.AGGREGATE(17,6,Scores!$D$2:$D$31/(Scores!$A$2:$A$31=$A7),2) -> 8 | I7: =_xlfn.AGGREGATE(17,6,Scores!$E$2:$E$31/(Scores!$A$2:$A$31=$A7),2) -> 3 | J7: =_xlfn.AGGREGATE(14,6,Scores!$C$2:$C$31/(Scores!$A$2:$A$31=$A7),1)-_xlfn.AGGREGATE(15,6,Scores!$C$2:$C$31/(Scores!$A$2:$A$31=$A7),1) -> 5 | K7: =_xlfn.AGGREGATE(14,6,Scores!$D$2:$D$31/(Scores!$A$2:$A$31=$A7),1)-_xlfn.AGGREGATE(15,6,Scores!$D$2:$D$31/(Scores!$A$2:$A$31=$A7),1) -> 12 | L7: =_xlfn.AGGREGATE(14,6,Scores!$E$2:$E$31/(Scores!$A$2:$A$31=$A7),1)-_xlfn.AGGREGATE(15,6,Scores!$E$2:$E$31/(Scores!$A$2:$A$31=$A7),1) -> 3 | M7: =(D7+E7+F7)/C7 -> 2.5833333 | N7: =_xlfn.RANK.EQ(M7,$M$2:$M$11) -> 4 | O7: =(G7+H7+I7)/C7 -> 2 | P7: =_xlfn.RANK.EQ(O7,$O$2:$O$11) -> 4 | Q7: =IF(A7="F6",20,E7) -> 20 | R7: =(D7+Q7+F7)/C7 -> 3.5833333 | S7: =_xlfn.RANK.EQ(R7,$R$2:$R$11) -> 3
A8: F7 | B8: Logging migration for all teams | C8: 8 | D8: =AVERAGEIFS(Scores!$C$2:$C$31,Scores!$A$2:$A$31,$A8) -> 4 | E8: =AVERAGEIFS(Scores!$D$2:$D$31,Scores!$A$2:$A$31,$A8) -> 6.6666667 | F8: =AVERAGEIFS(Scores!$E$2:$E$31,Scores!$A$2:$A$31,$A8) -> 10.333333 | G8: =_xlfn.AGGREGATE(17,6,Scores!$C$2:$C$31/(Scores!$A$2:$A$31=$A8),2) -> 3 | H8: =_xlfn.AGGREGATE(17,6,Scores!$D$2:$D$31/(Scores!$A$2:$A$31=$A8),2) -> 5 | I8: =_xlfn.AGGREGATE(17,6,Scores!$E$2:$E$31/(Scores!$A$2:$A$31=$A8),2) -> 8 | J8: =_xlfn.AGGREGATE(14,6,Scores!$C$2:$C$31/(Scores!$A$2:$A$31=$A8),1)-_xlfn.AGGREGATE(15,6,Scores!$C$2:$C$31/(Scores!$A$2:$A$31=$A8),1) -> 7 | K8: =_xlfn.AGGREGATE(14,6,Scores!$D$2:$D$31/(Scores!$A$2:$A$31=$A8),1)-_xlfn.AGGREGATE(15,6,Scores!$D$2:$D$31/(Scores!$A$2:$A$31=$A8),1) -> 11 | L8: =_xlfn.AGGREGATE(14,6,Scores!$E$2:$E$31/(Scores!$A$2:$A$31=$A8),1)-_xlfn.AGGREGATE(15,6,Scores!$E$2:$E$31/(Scores!$A$2:$A$31=$A8),1) -> 17 | M8: =(D8+E8+F8)/C8 -> 2.625 | N8: =_xlfn.RANK.EQ(M8,$M$2:$M$11) -> 3 | O8: =(G8+H8+I8)/C8 -> 2 | P8: =_xlfn.RANK.EQ(O8,$O$2:$O$11) -> 4 | Q8: =IF(A8="F6",20,E8) -> 6.6666667 | R8: =(D8+Q8+F8)/C8 -> 2.625 | S8: =_xlfn.RANK.EQ(R8,$R$2:$R$11) -> 4
A9: F8 | B9: Self-service request portal | C9: 5 | D9: =AVERAGEIFS(Scores!$C$2:$C$31,Scores!$A$2:$A$31,$A9) -> 3.6666667 | E9: =AVERAGEIFS(Scores!$D$2:$D$31,Scores!$A$2:$A$31,$A9) -> 2.6666667 | F9: =AVERAGEIFS(Scores!$E$2:$E$31,Scores!$A$2:$A$31,$A9) -> 6 | G9: =_xlfn.AGGREGATE(17,6,Scores!$C$2:$C$31/(Scores!$A$2:$A$31=$A9),2) -> 2 | H9: =_xlfn.AGGREGATE(17,6,Scores!$D$2:$D$31/(Scores!$A$2:$A$31=$A9),2) -> 2 | I9: =_xlfn.AGGREGATE(17,6,Scores!$E$2:$E$31/(Scores!$A$2:$A$31=$A9),2) -> 3 | J9: =_xlfn.AGGREGATE(14,6,Scores!$C$2:$C$31/(Scores!$A$2:$A$31=$A9),1)-_xlfn.AGGREGATE(15,6,Scores!$C$2:$C$31/(Scores!$A$2:$A$31=$A9),1) -> 7 | K9: =_xlfn.AGGREGATE(14,6,Scores!$D$2:$D$31/(Scores!$A$2:$A$31=$A9),1)-_xlfn.AGGREGATE(15,6,Scores!$D$2:$D$31/(Scores!$A$2:$A$31=$A9),1) -> 4 | L9: =_xlfn.AGGREGATE(14,6,Scores!$E$2:$E$31/(Scores!$A$2:$A$31=$A9),1)-_xlfn.AGGREGATE(15,6,Scores!$E$2:$E$31/(Scores!$A$2:$A$31=$A9),1) -> 11 | M9: =(D9+E9+F9)/C9 -> 2.4666667 | N9: =_xlfn.RANK.EQ(M9,$M$2:$M$11) -> 5 | O9: =(G9+H9+I9)/C9 -> 1.4 | P9: =_xlfn.RANK.EQ(O9,$O$2:$O$11) -> 7 | Q9: =IF(A9="F6",20,E9) -> 2.6666667 | R9: =(D9+Q9+F9)/C9 -> 2.4666667 | S9: =_xlfn.RANK.EQ(R9,$R$2:$R$11) -> 5
A10: F9 | B10: Platform-change events at all major stations | C10: 13 | D10: =AVERAGEIFS(Scores!$C$2:$C$31,Scores!$A$2:$A$31,$A10) -> 8.6666667 | E10: =AVERAGEIFS(Scores!$D$2:$D$31,Scores!$A$2:$A$31,$A10) -> 5.3333333 | F10: =AVERAGEIFS(Scores!$E$2:$E$31,Scores!$A$2:$A$31,$A10) -> 3.3333333 | G10: =_xlfn.AGGREGATE(17,6,Scores!$C$2:$C$31/(Scores!$A$2:$A$31=$A10),2) -> 8 | H10: =_xlfn.AGGREGATE(17,6,Scores!$D$2:$D$31/(Scores!$A$2:$A$31=$A10),2) -> 5 | I10: =_xlfn.AGGREGATE(17,6,Scores!$E$2:$E$31/(Scores!$A$2:$A$31=$A10),2) -> 3 | J10: =_xlfn.AGGREGATE(14,6,Scores!$C$2:$C$31/(Scores!$A$2:$A$31=$A10),1)-_xlfn.AGGREGATE(15,6,Scores!$C$2:$C$31/(Scores!$A$2:$A$31=$A10),1) -> 8 | K10: =_xlfn.AGGREGATE(14,6,Scores!$D$2:$D$31/(Scores!$A$2:$A$31=$A10),1)-_xlfn.AGGREGATE(15,6,Scores!$D$2:$D$31/(Scores!$A$2:$A$31=$A10),1) -> 5 | L10: =_xlfn.AGGREGATE(14,6,Scores!$E$2:$E$31/(Scores!$A$2:$A$31=$A10),1)-_xlfn.AGGREGATE(15,6,Scores!$E$2:$E$31/(Scores!$A$2:$A$31=$A10),1) -> 3 | M10: =(D10+E10+F10)/C10 -> 1.3333333 | N10: =_xlfn.RANK.EQ(M10,$M$2:$M$11) -> 8 | O10: =(G10+H10+I10)/C10 -> 1.2307692 | P10: =_xlfn.RANK.EQ(O10,$O$2:$O$11) -> 8 | Q10: =IF(A10="F6",20,E10) -> 5.3333333 | R10: =(D10+Q10+F10)/C10 -> 1.3333333 | S10: =_xlfn.RANK.EQ(R10,$R$2:$R$11) -> 8
A11: F10 | B11: Peak-hour readiness for the delay feed | C11: 8 | D11: =AVERAGEIFS(Scores!$C$2:$C$31,Scores!$A$2:$A$31,$A11) -> 9.6666667 | E11: =AVERAGEIFS(Scores!$D$2:$D$31,Scores!$A$2:$A$31,$A11) -> 9.6666667 | F11: =AVERAGEIFS(Scores!$E$2:$E$31,Scores!$A$2:$A$31,$A11) -> 13 | G11: =_xlfn.AGGREGATE(17,6,Scores!$C$2:$C$31/(Scores!$A$2:$A$31=$A11),2) -> 8 | H11: =_xlfn.AGGREGATE(17,6,Scores!$D$2:$D$31/(Scores!$A$2:$A$31=$A11),2) -> 8 | I11: =_xlfn.AGGREGATE(17,6,Scores!$E$2:$E$31/(Scores!$A$2:$A$31=$A11),2) -> 13 | J11: =_xlfn.AGGREGATE(14,6,Scores!$C$2:$C$31/(Scores!$A$2:$A$31=$A11),1)-_xlfn.AGGREGATE(15,6,Scores!$C$2:$C$31/(Scores!$A$2:$A$31=$A11),1) -> 5 | K11: =_xlfn.AGGREGATE(14,6,Scores!$D$2:$D$31/(Scores!$A$2:$A$31=$A11),1)-_xlfn.AGGREGATE(15,6,Scores!$D$2:$D$31/(Scores!$A$2:$A$31=$A11),1) -> 5 | L11: =_xlfn.AGGREGATE(14,6,Scores!$E$2:$E$31/(Scores!$A$2:$A$31=$A11),1)-_xlfn.AGGREGATE(15,6,Scores!$E$2:$E$31/(Scores!$A$2:$A$31=$A11),1) -> 0 | M11: =(D11+E11+F11)/C11 -> 4.0416667 | N11: =_xlfn.RANK.EQ(M11,$M$2:$M$11) -> 2 | O11: =(G11+H11+I11)/C11 -> 3.625 | P11: =_xlfn.RANK.EQ(O11,$O$2:$O$11) -> 2 | Q11: =IF(A11="F6",20,E11) -> 9.6666667 | R11: =(D11+Q11+F11)/C11 -> 4.0416667 | S11: =_xlfn.RANK.EQ(R11,$R$2:$R$11) -> 2
A13: BV = business value, TC = time criticality, RR = risk reduction. Spread = highest minus lowest score of the three business owners.

Sheet Scenarios
A1: Capacity | B1: Value
A2: Velocity, last four sprints | B2: 22 | C2: 20 | D2: 23 | E2: 18
A3: Average velocity | B3: =AVERAGE(B2:E2) -> 20.75
A4: Sprints in the next PI | B4: 5
A5: People available | B5: 4
A6: People today | B6: 6
A7: Share for bugs | B7: 0.15
A8: Capacity for planned work (points) | B8: =B3*B4*B5/B6*(1-B7) -> 58.791667
A9: Assumption: velocity shrinks in proportion to the people available
A11: Item | B11: Feature | C11: Points | D11: A: everything | E11: B: top WSJF and commitments | F11: C: rollout first
A12: Feed v2 in Switch's test environment | B12: F1 | C12: 5 | D12: 1 | E12: 1 | F12: 1
A13: Feed v2 rollout: the 20 largest stations | B13: F1 | C13: 13 | D13: 1 | E13: 0 | F13: 1
A14: Feed v2 rollout: the other major stations | B14: F1 | C14: 16 | D14: 1 | E14: 0 | F14: 1
A15: Outage alerting, together with Team Depot | B15: F2 | C15: 13 | D15: 1 | E15: 1 | F15: 1
A16: Platform-change events at all major stations | B16: F9 | C16: 13 | D16: 1 | E16: 1 | F16: 1
A17: Peak-hour readiness: load test and tuning | B17: F10 | C17: 21 | D17: 1 | E17: 1 | F17: 0
A19: Load (points) | D19: =SUMPRODUCT($C$12:$C$17,D12:D17) -> 81 | E19: =SUMPRODUCT($C$12:$C$17,E12:E17) -> 52 | F19: =SUMPRODUCT($C$12:$C$17,F12:F17) -> 60
A20: Share of capacity | D20: =D19/$B$8 -> 1.3777463 | E20: =E19/$B$8 -> 0.88447909 | F20: =F19/$B$8 -> 1.0205528
A21: Fits? | D21: =IF(D20<=1,"yes","no") -> no | E21: =IF(E20<=1,"yes","no") -> yes | F21: =IF(F20<=1,"yes","no") -> no
