Workbook

Sheet Skill matrix
A1: Skill | B1: Member A | C1: Member B | D1: Member C | E1: Member D | F1: Member E | G1: Member F
A2: Stream processing | B2: 3 | C2: 2 | D2: 2 | E2: 1 | F2: 0 | G2: 1
A3: Backend development | B3: 3 | C3: 2 | D3: 1 | E3: 1 | F3: 1 | G3: 1
A4: Data modelling and mapping | B4: 1 | C4: 1 | D4: 3 | E4: 2 | F4: 0 | G4: 0
A5: Test automation | B5: 2 | C5: 1 | D5: 1 | E5: 1 | F5: 3 | G5: 1
A6: Load and performance testing | B6: 1 | C6: 0 | D6: 1 | E6: 0 | F6: 1 | G6: 1
A7: Observability and alerting | B7: 1 | C7: 0 | D7: 0 | E7: 0 | F7: 1 | G7: 2
A8: Cloud and Kubernetes | B8: 1 | C8: 1 | D8: 0 | E8: 0 | F8: 0 | G8: 3
A9: Rail data domain | B9: 2 | C9: 1 | D9: 2 | E9: 2 | F9: 1 | G9: 0

Sheet Gap map
A1: Skill | B1: People at level 0 | C1: Level 1 | D1: Level 2 | E1: Level 3 | F1: At level 2 or higher | G1: Needed | H1: Gap | I1: Someone can teach | J1: Status
A2: ='Skill matrix'!A2 -> Stream processing | B2: =COUNTIF('Skill matrix'!$B2:$G2,0) -> 1 | C2: =COUNTIF('Skill matrix'!$B2:$G2,1) -> 2 | D2: =COUNTIF('Skill matrix'!$B2:$G2,2) -> 2 | E2: =COUNTIF('Skill matrix'!$B2:$G2,3) -> 1 | F2: =COUNTIF('Skill matrix'!$B2:$G2,">=2") -> 3 | G2: 3 | H2: =MAX(0,G2-F2) -> 0 | I2: =IF(E2>0,"yes","no") -> yes | J2: =IF(H2>0,"gap",IF(F2=1,"single person","ok")) -> ok
A3: ='Skill matrix'!A3 -> Backend development | B3: =COUNTIF('Skill matrix'!$B3:$G3,0) -> 0 | C3: =COUNTIF('Skill matrix'!$B3:$G3,1) -> 4 | D3: =COUNTIF('Skill matrix'!$B3:$G3,2) -> 1 | E3: =COUNTIF('Skill matrix'!$B3:$G3,3) -> 1 | F3: =COUNTIF('Skill matrix'!$B3:$G3,">=2") -> 2 | G3: 2 | H3: =MAX(0,G3-F3) -> 0 | I3: =IF(E3>0,"yes","no") -> yes | J3: =IF(H3>0,"gap",IF(F3=1,"single person","ok")) -> ok
A4: ='Skill matrix'!A4 -> Data modelling and mapping | B4: =COUNTIF('Skill matrix'!$B4:$G4,0) -> 2 | C4: =COUNTIF('Skill matrix'!$B4:$G4,1) -> 2 | D4: =COUNTIF('Skill matrix'!$B4:$G4,2) -> 1 | E4: =COUNTIF('Skill matrix'!$B4:$G4,3) -> 1 | F4: =COUNTIF('Skill matrix'!$B4:$G4,">=2") -> 2 | G4: 2 | H4: =MAX(0,G4-F4) -> 0 | I4: =IF(E4>0,"yes","no") -> yes | J4: =IF(H4>0,"gap",IF(F4=1,"single person","ok")) -> ok
A5: ='Skill matrix'!A5 -> Test automation | B5: =COUNTIF('Skill matrix'!$B5:$G5,0) -> 0 | C5: =COUNTIF('Skill matrix'!$B5:$G5,1) -> 4 | D5: =COUNTIF('Skill matrix'!$B5:$G5,2) -> 1 | E5: =COUNTIF('Skill matrix'!$B5:$G5,3) -> 1 | F5: =COUNTIF('Skill matrix'!$B5:$G5,">=2") -> 2 | G5: 3 | H5: =MAX(0,G5-F5) -> 1 | I5: =IF(E5>0,"yes","no") -> yes | J5: =IF(H5>0,"gap",IF(F5=1,"single person","ok")) -> gap
A6: ='Skill matrix'!A6 -> Load and performance testing | B6: =COUNTIF('Skill matrix'!$B6:$G6,0) -> 2 | C6: =COUNTIF('Skill matrix'!$B6:$G6,1) -> 4 | D6: =COUNTIF('Skill matrix'!$B6:$G6,2) -> 0 | E6: =COUNTIF('Skill matrix'!$B6:$G6,3) -> 0 | F6: =COUNTIF('Skill matrix'!$B6:$G6,">=2") -> 0 | G6: 2 | H6: =MAX(0,G6-F6) -> 2 | I6: =IF(E6>0,"yes","no") -> no | J6: =IF(H6>0,"gap",IF(F6=1,"single person","ok")) -> gap
A7: ='Skill matrix'!A7 -> Observability and alerting | B7: =COUNTIF('Skill matrix'!$B7:$G7,0) -> 3 | C7: =COUNTIF('Skill matrix'!$B7:$G7,1) -> 2 | D7: =COUNTIF('Skill matrix'!$B7:$G7,2) -> 1 | E7: =COUNTIF('Skill matrix'!$B7:$G7,3) -> 0 | F7: =COUNTIF('Skill matrix'!$B7:$G7,">=2") -> 1 | G7: 2 | H7: =MAX(0,G7-F7) -> 1 | I7: =IF(E7>0,"yes","no") -> no | J7: =IF(H7>0,"gap",IF(F7=1,"single person","ok")) -> gap
A8: ='Skill matrix'!A8 -> Cloud and Kubernetes | B8: =COUNTIF('Skill matrix'!$B8:$G8,0) -> 3 | C8: =COUNTIF('Skill matrix'!$B8:$G8,1) -> 2 | D8: =COUNTIF('Skill matrix'!$B8:$G8,2) -> 0 | E8: =COUNTIF('Skill matrix'!$B8:$G8,3) -> 1 | F8: =COUNTIF('Skill matrix'!$B8:$G8,">=2") -> 1 | G8: 2 | H8: =MAX(0,G8-F8) -> 1 | I8: =IF(E8>0,"yes","no") -> yes | J8: =IF(H8>0,"gap",IF(F8=1,"single person","ok")) -> gap
A9: ='Skill matrix'!A9 -> Rail data domain | B9: =COUNTIF('Skill matrix'!$B9:$G9,0) -> 1 | C9: =COUNTIF('Skill matrix'!$B9:$G9,1) -> 2 | D9: =COUNTIF('Skill matrix'!$B9:$G9,2) -> 3 | E9: =COUNTIF('Skill matrix'!$B9:$G9,3) -> 0 | F9: =COUNTIF('Skill matrix'!$B9:$G9,">=2") -> 3 | G9: 2 | H9: =MAX(0,G9-F9) -> 0 | I9: =IF(E9>0,"yes","no") -> no | J9: =IF(H9>0,"gap",IF(F9=1,"single person","ok")) -> ok
A11: Team level only: this sheet counts people per skill and level. It never shows who is where.
